sdl_id,sdl_obj_id,sdl_obj_key,sdl_obj_member_id,sdl_obj_date,sdl_obj_reason
21,3202,topic,1,2014-06-30T02:31:55Z," Pending verification that Vlad has settled down, do not delete "
22,795,topic,1,2014-06-30T02:32:22Z," Pending verification that Vlad has settled down, do not delete "
25,3202,topic,1,2014-09-07T19:20:25Z,
27,4652,topic,132,2015-01-06T17:42:21Z,
33,5647,topic,1,2015-11-17T17:11:20Z,
959,3023,status_status,1,2017-02-18T04:56:01Z,
958,4991,topic,1,2016-12-06T10:18:27Z,
36,6281,topic,1,2016-04-07T22:48:09Z,
38,6483,topic,1,2016-05-18T19:13:13Z,
39,153418,post,1,2016-06-09T06:51:02Z,
40,153420,post,1,2016-06-09T06:51:02Z,
41,153425,post,1,2016-06-09T06:51:02Z,
42,153426,post,1,2016-06-09T06:51:02Z,
43,153430,post,1,2016-06-09T06:51:02Z,
44,153431,post,1,2016-06-09T06:51:02Z,
45,153435,post,1,2016-06-09T06:51:02Z,
46,153478,post,1,2016-06-09T06:51:02Z,
47,153488,post,1,2016-06-09T06:51:02Z,
48,153498,post,1,2016-06-09T06:51:02Z,
49,153505,post,1,2016-06-09T06:51:02Z,
50,153526,post,1,2016-06-09T06:51:02Z,
51,153585,post,1,2016-06-09T06:51:02Z,
52,153592,post,1,2016-06-09T06:51:02Z,
53,153658,post,1,2016-06-09T06:51:02Z,
54,154163,post,1,2016-06-09T06:51:02Z,
55,154225,post,1,2016-06-09T06:51:02Z,
56,154227,post,1,2016-06-09T06:51:02Z,
57,154283,post,1,2016-06-09T06:51:02Z,
58,154387,post,1,2016-06-09T06:51:02Z,
59,154390,post,1,2016-06-09T06:51:02Z,
60,154418,post,1,2016-06-09T06:51:02Z,
61,154421,post,1,2016-06-09T06:51:02Z,
62,154423,post,1,2016-06-09T06:51:02Z,
63,154425,post,1,2016-06-09T06:51:02Z,
64,154427,post,1,2016-06-09T06:51:02Z,
65,154433,post,1,2016-06-09T06:51:02Z,
66,154494,post,1,2016-06-09T06:51:02Z,
67,154506,post,1,2016-06-09T06:51:02Z,
68,154549,post,1,2016-06-09T06:51:03Z,
69,154550,post,1,2016-06-09T06:51:03Z,
70,154583,post,1,2016-06-09T06:51:03Z,
71,154596,post,1,2016-06-09T06:51:03Z,
72,154602,post,1,2016-06-09T06:51:03Z,
73,154630,post,1,2016-06-09T06:51:03Z,
74,154635,post,1,2016-06-09T06:51:03Z,
75,154638,post,1,2016-06-09T06:51:03Z,
76,154672,post,1,2016-06-09T06:51:03Z,
77,154723,post,1,2016-06-09T06:51:03Z,
78,154737,post,1,2016-06-09T06:51:03Z,
79,154744,post,1,2016-06-09T06:51:03Z,
80,154749,post,1,2016-06-09T06:51:03Z,
81,154757,post,1,2016-06-09T06:51:03Z,
82,154763,post,1,2016-06-09T06:51:03Z,
83,154766,post,1,2016-06-09T06:51:03Z,
84,154773,post,1,2016-06-09T06:51:03Z,
85,154786,post,1,2016-06-09T06:51:03Z,
86,154836,post,1,2016-06-09T06:51:03Z,
87,154865,post,1,2016-06-09T06:51:03Z,
88,154872,post,1,2016-06-09T06:51:03Z,
89,154874,post,1,2016-06-09T06:51:03Z,
90,154878,post,1,2016-06-09T06:51:03Z,
91,154941,post,1,2016-06-09T06:51:03Z,
92,154947,post,1,2016-06-09T06:51:03Z,
93,154973,post,1,2016-06-09T06:51:03Z,
94,154990,post,1,2016-06-09T06:51:03Z,
95,154995,post,1,2016-06-09T06:51:03Z,
96,155001,post,1,2016-06-09T06:51:03Z,
97,155021,post,1,2016-06-09T06:51:03Z,
98,155022,post,1,2016-06-09T06:51:03Z,
99,155028,post,1,2016-06-09T06:51:03Z,
100,155102,post,1,2016-06-09T06:51:03Z,
101,155120,post,1,2016-06-09T06:51:03Z,
102,155125,post,1,2016-06-09T06:51:03Z,
103,155165,post,1,2016-06-09T06:51:03Z,
104,155170,post,1,2016-06-09T06:51:03Z,
105,155185,post,1,2016-06-09T06:51:03Z,
106,155188,post,1,2016-06-09T06:51:04Z,
107,155231,post,1,2016-06-09T06:51:04Z,
108,155244,post,1,2016-06-09T06:51:04Z,
109,155245,post,1,2016-06-09T06:51:04Z,
110,155247,post,1,2016-06-09T06:51:04Z,
111,155287,post,1,2016-06-09T06:51:04Z,
112,155289,post,1,2016-06-09T06:51:04Z,
113,155335,post,1,2016-06-09T06:51:04Z,
114,155340,post,1,2016-06-09T06:51:04Z,
115,155344,post,1,2016-06-09T06:51:04Z,
116,155349,post,1,2016-06-09T06:51:04Z,
117,155354,post,1,2016-06-09T06:51:04Z,
118,155367,post,1,2016-06-09T06:51:04Z,
119,155372,post,1,2016-06-09T06:51:04Z,
120,155377,post,1,2016-06-09T06:51:04Z,
121,155384,post,1,2016-06-09T06:51:04Z,
122,155387,post,1,2016-06-09T06:51:04Z,
123,155496,post,1,2016-06-09T06:51:04Z,
124,155499,post,1,2016-06-09T06:51:04Z,
125,155501,post,1,2016-06-09T06:51:04Z,
126,155508,post,1,2016-06-09T06:51:04Z,
127,155513,post,1,2016-06-09T06:51:04Z,
128,155514,post,1,2016-06-09T06:51:04Z,
129,155515,post,1,2016-06-09T06:51:04Z,
130,155525,post,1,2016-06-09T06:51:04Z,
131,155528,post,1,2016-06-09T06:51:04Z,
132,155537,post,1,2016-06-09T06:51:04Z,
133,155584,post,1,2016-06-09T06:51:04Z,
134,155595,post,1,2016-06-09T06:51:04Z,
135,155597,post,1,2016-06-09T06:51:04Z,
136,155602,post,1,2016-06-09T06:51:04Z,
137,155604,post,1,2016-06-09T06:51:04Z,
138,155610,post,1,2016-06-09T06:51:04Z,
139,155657,post,1,2016-06-09T06:51:04Z,
140,155658,post,1,2016-06-09T06:51:04Z,
141,155665,post,1,2016-06-09T06:51:04Z,
142,155683,post,1,2016-06-09T06:51:05Z,
143,155685,post,1,2016-06-09T06:51:05Z,
144,155690,post,1,2016-06-09T06:51:05Z,
145,155692,post,1,2016-06-09T06:51:05Z,
146,155695,post,1,2016-06-09T06:51:05Z,
147,155697,post,1,2016-06-09T06:51:05Z,
148,155703,post,1,2016-06-09T06:51:05Z,
149,155706,post,1,2016-06-09T06:51:05Z,
150,155715,post,1,2016-06-09T06:51:05Z,
151,155718,post,1,2016-06-09T06:51:05Z,
152,155724,post,1,2016-06-09T06:51:05Z,
153,155726,post,1,2016-06-09T06:51:05Z,
154,155728,post,1,2016-06-09T06:51:05Z,
155,155731,post,1,2016-06-09T06:51:05Z,
156,155777,post,1,2016-06-09T06:51:05Z,
157,155778,post,1,2016-06-09T06:51:05Z,
158,155779,post,1,2016-06-09T06:51:05Z,
159,155782,post,1,2016-06-09T06:51:05Z,
160,155792,post,1,2016-06-09T06:51:05Z,
161,155794,post,1,2016-06-09T06:51:05Z,
162,155801,post,1,2016-06-09T06:51:05Z,
163,155839,post,1,2016-06-09T06:51:05Z,
164,155840,post,1,2016-06-09T06:51:05Z,
165,155845,post,1,2016-06-09T06:51:05Z,
166,155849,post,1,2016-06-09T06:51:05Z,
167,155850,post,1,2016-06-09T06:51:05Z,
168,155851,post,1,2016-06-09T06:51:05Z,
169,155856,post,1,2016-06-09T06:51:05Z,
170,155857,post,1,2016-06-09T06:51:05Z,
171,155903,post,1,2016-06-09T06:51:05Z,
172,155913,post,1,2016-06-09T06:51:06Z,
173,156001,post,1,2016-06-09T06:51:06Z,
174,156006,post,1,2016-06-09T06:51:06Z,
175,156009,post,1,2016-06-09T06:51:06Z,
176,156014,post,1,2016-06-09T06:51:06Z,
177,156017,post,1,2016-06-09T06:51:06Z,
178,156020,post,1,2016-06-09T06:51:06Z,
179,156027,post,1,2016-06-09T06:51:06Z,
180,156030,post,1,2016-06-09T06:51:06Z,
181,156035,post,1,2016-06-09T06:51:06Z,
182,156037,post,1,2016-06-09T06:51:06Z,
183,156047,post,1,2016-06-09T06:51:06Z,
184,156053,post,1,2016-06-09T06:51:06Z,
185,156054,post,1,2016-06-09T06:51:06Z,
186,156061,post,1,2016-06-09T06:51:06Z,
187,156068,post,1,2016-06-09T06:51:06Z,
188,156070,post,1,2016-06-09T06:51:06Z,
189,156076,post,1,2016-06-09T06:51:06Z,
190,156079,post,1,2016-06-09T06:51:06Z,
191,156089,post,1,2016-06-09T06:51:06Z,
192,156096,post,1,2016-06-09T06:51:06Z,
193,156154,post,1,2016-06-09T06:51:06Z,
194,156160,post,1,2016-06-09T06:51:06Z,
195,156162,post,1,2016-06-09T06:51:06Z,
196,156184,post,1,2016-06-09T06:51:06Z,
197,156186,post,1,2016-06-09T06:51:06Z,
198,156187,post,1,2016-06-09T06:51:06Z,
199,156194,post,1,2016-06-09T06:51:06Z,
200,156197,post,1,2016-06-09T06:51:06Z,
201,156201,post,1,2016-06-09T06:51:06Z,
202,156236,post,1,2016-06-09T06:51:06Z,
203,156266,post,1,2016-06-09T06:51:07Z,
204,156268,post,1,2016-06-09T06:51:07Z,
205,156276,post,1,2016-06-09T06:51:07Z,
206,156277,post,1,2016-06-09T06:51:07Z,
207,156278,post,1,2016-06-09T06:51:07Z,
208,156284,post,1,2016-06-09T06:51:07Z,
209,156296,post,1,2016-06-09T06:51:07Z,
210,156297,post,1,2016-06-09T06:51:07Z,
211,156298,post,1,2016-06-09T06:51:07Z,
212,156299,post,1,2016-06-09T06:51:07Z,
213,156301,post,1,2016-06-09T06:51:07Z,
214,156302,post,1,2016-06-09T06:51:07Z,
215,156303,post,1,2016-06-09T06:51:07Z,
216,156304,post,1,2016-06-09T06:51:07Z,
217,156305,post,1,2016-06-09T06:51:07Z,
218,156307,post,1,2016-06-09T06:51:07Z,
219,156308,post,1,2016-06-09T06:51:07Z,
220,156309,post,1,2016-06-09T06:51:07Z,
221,156310,post,1,2016-06-09T06:51:07Z,
222,156312,post,1,2016-06-09T06:51:07Z,
223,156313,post,1,2016-06-09T06:51:07Z,
224,156314,post,1,2016-06-09T06:51:07Z,
225,156315,post,1,2016-06-09T06:51:07Z,
226,156316,post,1,2016-06-09T06:51:07Z,
227,156317,post,1,2016-06-09T06:51:07Z,
228,156318,post,1,2016-06-09T06:51:07Z,
229,156319,post,1,2016-06-09T06:51:07Z,
230,156320,post,1,2016-06-09T06:51:07Z,
231,156321,post,1,2016-06-09T06:51:07Z,
232,156322,post,1,2016-06-09T06:51:07Z,
233,156323,post,1,2016-06-09T06:51:07Z,
234,90383,post,132,2016-08-31T21:29:16Z,memeing 2 hard
235,90382,post,132,2016-08-31T21:29:16Z,memeing 2 hard
236,90280,post,132,2016-08-31T21:29:17Z,memeing 2 hard
237,90278,post,132,2016-08-31T21:29:17Z,memeing 2 hard
238,90269,post,132,2016-08-31T21:29:17Z,memeing 2 hard
239,90268,post,132,2016-08-31T21:29:17Z,memeing 2 hard
240,90104,post,132,2016-08-31T21:29:17Z,memeing 2 hard
241,90070,post,132,2016-08-31T21:29:17Z,memeing 2 hard
242,90069,post,132,2016-08-31T21:29:17Z,memeing 2 hard
243,90003,post,132,2016-08-31T21:29:17Z,memeing 2 hard
244,89962,post,132,2016-08-31T21:29:17Z,memeing 2 hard
245,89926,post,132,2016-08-31T21:29:17Z,memeing 2 hard
246,89884,post,132,2016-08-31T21:29:17Z,memeing 2 hard
247,89813,post,132,2016-08-31T21:29:17Z,memeing 2 hard
248,89766,post,132,2016-08-31T21:29:18Z,memeing 2 hard
249,89733,post,132,2016-08-31T21:29:18Z,memeing 2 hard
250,89691,post,132,2016-08-31T21:29:18Z,memeing 2 hard
251,89367,post,132,2016-08-31T21:29:18Z,memeing 2 hard
252,88648,post,132,2016-08-31T21:29:18Z,memeing 2 hard
253,88517,post,132,2016-08-31T21:29:18Z,memeing 2 hard
254,88432,post,132,2016-08-31T21:29:18Z,memeing 2 hard
255,88413,post,132,2016-08-31T21:29:18Z,memeing 2 hard
256,88407,post,132,2016-08-31T21:29:18Z,memeing 2 hard
257,88376,post,132,2016-08-31T21:29:18Z,memeing 2 hard
258,88375,post,132,2016-08-31T21:29:18Z,memeing 2 hard
259,102630,post,132,2016-08-31T21:29:18Z,memeing 2 hard
260,102619,post,132,2016-08-31T21:29:18Z,memeing 2 hard
261,102506,post,132,2016-08-31T21:29:18Z,memeing 2 hard
262,100775,post,132,2016-08-31T21:29:18Z,memeing 2 hard
263,100394,post,132,2016-08-31T21:29:19Z,memeing 2 hard
264,100393,post,132,2016-08-31T21:29:19Z,memeing 2 hard
265,100086,post,132,2016-08-31T21:29:19Z,memeing 2 hard
266,100031,post,132,2016-08-31T21:29:19Z,memeing 2 hard
267,99934,post,132,2016-08-31T21:29:19Z,memeing 2 hard
268,99932,post,132,2016-08-31T21:29:19Z,memeing 2 hard
269,99482,post,132,2016-08-31T21:29:19Z,memeing 2 hard
270,99306,post,132,2016-08-31T21:29:19Z,memeing 2 hard
271,99305,post,132,2016-08-31T21:29:19Z,memeing 2 hard
272,99161,post,132,2016-08-31T21:29:19Z,memeing 2 hard
273,99160,post,132,2016-08-31T21:29:19Z,memeing 2 hard
274,99159,post,132,2016-08-31T21:29:19Z,memeing 2 hard
275,99158,post,132,2016-08-31T21:29:19Z,memeing 2 hard
276,98703,post,132,2016-08-31T21:29:19Z,memeing 2 hard
277,98414,post,132,2016-08-31T21:29:19Z,memeing 2 hard
278,98212,post,132,2016-08-31T21:29:19Z,memeing 2 hard
279,98204,post,132,2016-08-31T21:29:19Z,memeing 2 hard
280,98123,post,132,2016-08-31T21:29:19Z,memeing 2 hard
281,98104,post,132,2016-08-31T21:29:19Z,memeing 2 hard
282,97996,post,132,2016-08-31T21:29:19Z,memeing 2 hard
283,97733,post,132,2016-08-31T21:29:19Z,memeing 2 hard
284,97732,post,132,2016-08-31T21:29:19Z,memeing 2 hard
285,97707,post,132,2016-08-31T21:29:19Z,memeing 2 hard
286,97637,post,132,2016-08-31T21:29:19Z,memeing 2 hard
287,97505,post,132,2016-08-31T21:29:20Z,memeing 2 hard
288,97356,post,132,2016-08-31T21:29:20Z,memeing 2 hard
289,94352,post,132,2016-08-31T21:29:20Z,memeing 2 hard
290,93848,post,132,2016-08-31T21:29:20Z,memeing 2 hard
291,93847,post,132,2016-08-31T21:29:20Z,memeing 2 hard
292,93794,post,132,2016-08-31T21:29:20Z,memeing 2 hard
293,93728,post,132,2016-08-31T21:29:20Z,memeing 2 hard
294,93722,post,132,2016-08-31T21:29:20Z,memeing 2 hard
295,93695,post,132,2016-08-31T21:29:20Z,memeing 2 hard
296,93693,post,132,2016-08-31T21:29:20Z,memeing 2 hard
297,93692,post,132,2016-08-31T21:29:20Z,memeing 2 hard
298,93691,post,132,2016-08-31T21:29:20Z,memeing 2 hard
299,93491,post,132,2016-08-31T21:29:20Z,memeing 2 hard
300,91461,post,132,2016-08-31T21:29:20Z,memeing 2 hard
301,90956,post,132,2016-08-31T21:29:20Z,memeing 2 hard
302,90566,post,132,2016-08-31T21:29:20Z,memeing 2 hard
303,90538,post,132,2016-08-31T21:29:20Z,memeing 2 hard
304,90519,post,132,2016-08-31T21:29:20Z,memeing 2 hard
305,90512,post,132,2016-08-31T21:29:20Z,memeing 2 hard
306,90489,post,132,2016-08-31T21:29:20Z,memeing 2 hard
307,90462,post,132,2016-08-31T21:29:20Z,memeing 2 hard
308,90460,post,132,2016-08-31T21:29:20Z,memeing 2 hard
309,60158,post,132,2016-08-31T21:41:28Z,
310,59913,post,132,2016-08-31T21:41:29Z,
311,59912,post,132,2016-08-31T21:41:29Z,
312,59814,post,132,2016-08-31T21:41:29Z,
313,59086,post,132,2016-08-31T21:41:29Z,
314,59043,post,132,2016-08-31T21:41:29Z,
315,59033,post,132,2016-08-31T21:41:29Z,
316,59023,post,132,2016-08-31T21:41:29Z,
317,59020,post,132,2016-08-31T21:41:29Z,
318,58869,post,132,2016-08-31T21:41:29Z,
319,58760,post,132,2016-08-31T21:41:29Z,
320,58757,post,132,2016-08-31T21:41:29Z,
321,58743,post,132,2016-08-31T21:41:29Z,
322,58626,post,132,2016-08-31T21:41:29Z,
323,58523,post,132,2016-08-31T21:41:29Z,
324,58498,post,132,2016-08-31T21:41:29Z,
325,58493,post,132,2016-08-31T21:41:29Z,
326,58492,post,132,2016-08-31T21:41:29Z,
327,58478,post,132,2016-08-31T21:41:29Z,
328,58477,post,132,2016-08-31T21:41:29Z,
329,58398,post,132,2016-08-31T21:41:30Z,
330,58384,post,132,2016-08-31T21:41:30Z,
331,58383,post,132,2016-08-31T21:41:30Z,
332,58382,post,132,2016-08-31T21:41:30Z,
333,88369,post,132,2016-08-31T21:41:30Z,
334,88368,post,132,2016-08-31T21:41:30Z,
335,88344,post,132,2016-08-31T21:41:30Z,
336,88341,post,132,2016-08-31T21:41:30Z,
337,88313,post,132,2016-08-31T21:41:30Z,
338,88291,post,132,2016-08-31T21:41:30Z,
339,88290,post,132,2016-08-31T21:41:30Z,
340,88050,post,132,2016-08-31T21:41:30Z,
341,88049,post,132,2016-08-31T21:41:30Z,
342,87992,post,132,2016-08-31T21:41:30Z,
343,87991,post,132,2016-08-31T21:41:30Z,
344,87990,post,132,2016-08-31T21:41:30Z,
345,87871,post,132,2016-08-31T21:41:30Z,
346,87750,post,132,2016-08-31T21:41:30Z,
347,87701,post,132,2016-08-31T21:41:30Z,
348,87698,post,132,2016-08-31T21:41:30Z,
349,87608,post,132,2016-08-31T21:41:30Z,
350,87598,post,132,2016-08-31T21:41:31Z,
351,87580,post,132,2016-08-31T21:41:31Z,
352,87572,post,132,2016-08-31T21:41:31Z,
353,87488,post,132,2016-08-31T21:41:31Z,
354,87226,post,132,2016-08-31T21:41:31Z,
355,86810,post,132,2016-08-31T21:41:31Z,
356,86159,post,132,2016-08-31T21:41:31Z,
357,86127,post,132,2016-08-31T21:41:31Z,
358,86120,post,132,2016-08-31T21:41:31Z,
359,85996,post,132,2016-08-31T21:41:31Z,
360,85839,post,132,2016-08-31T21:41:31Z,
361,85693,post,132,2016-08-31T21:41:31Z,
362,85642,post,132,2016-08-31T21:41:31Z,
363,85641,post,132,2016-08-31T21:41:32Z,
364,85625,post,132,2016-08-31T21:41:32Z,
365,85523,post,132,2016-08-31T21:41:32Z,
366,85471,post,132,2016-08-31T21:41:32Z,
367,85462,post,132,2016-08-31T21:41:32Z,
368,85445,post,132,2016-08-31T21:41:32Z,
369,85422,post,132,2016-08-31T21:41:32Z,
370,85353,post,132,2016-08-31T21:41:32Z,
371,85343,post,132,2016-08-31T21:41:32Z,
372,85037,post,132,2016-08-31T21:41:32Z,
373,84985,post,132,2016-08-31T21:41:32Z,
374,84465,post,132,2016-08-31T21:41:32Z,
375,84464,post,132,2016-08-31T21:41:32Z,
376,83842,post,132,2016-08-31T21:41:32Z,
377,83774,post,132,2016-08-31T21:41:32Z,
378,83638,post,132,2016-08-31T21:41:32Z,
379,83631,post,132,2016-08-31T21:41:33Z,
380,83435,post,132,2016-08-31T21:41:33Z,
381,83174,post,132,2016-08-31T21:41:33Z,
382,83172,post,132,2016-08-31T21:41:33Z,
383,83154,post,132,2016-08-31T21:41:33Z,
384,83107,post,132,2016-08-31T21:41:33Z,
385,83061,post,132,2016-08-31T21:41:33Z,
386,83041,post,132,2016-08-31T21:41:33Z,
387,82482,post,132,2016-08-31T21:41:33Z,
388,82423,post,132,2016-08-31T21:41:33Z,
389,82422,post,132,2016-08-31T21:41:33Z,
390,82201,post,132,2016-08-31T21:41:33Z,
391,82043,post,132,2016-08-31T21:41:33Z,
392,81950,post,132,2016-08-31T21:41:33Z,
393,81943,post,132,2016-08-31T21:41:33Z,
394,81740,post,132,2016-08-31T21:41:33Z,
395,81648,post,132,2016-08-31T21:41:33Z,
396,81646,post,132,2016-08-31T21:41:33Z,
397,81645,post,132,2016-08-31T21:41:33Z,
398,81603,post,132,2016-08-31T21:41:33Z,
399,81601,post,132,2016-08-31T21:41:33Z,
400,81544,post,132,2016-08-31T21:41:33Z,
401,81461,post,132,2016-08-31T21:41:33Z,
402,81254,post,132,2016-08-31T21:41:33Z,
403,81253,post,132,2016-08-31T21:41:33Z,
404,81239,post,132,2016-08-31T21:41:33Z,
405,81082,post,132,2016-08-31T21:41:34Z,
406,81032,post,132,2016-08-31T21:41:34Z,
407,80214,post,132,2016-08-31T21:41:34Z,
408,79420,post,132,2016-08-31T21:41:34Z,
409,79417,post,132,2016-08-31T21:41:34Z,
410,79111,post,132,2016-08-31T21:41:34Z,
411,79033,post,132,2016-08-31T21:41:34Z,
412,78990,post,132,2016-08-31T21:41:34Z,
413,78985,post,132,2016-08-31T21:41:34Z,
414,78982,post,132,2016-08-31T21:41:34Z,
415,78778,post,132,2016-08-31T21:41:34Z,
416,78716,post,132,2016-08-31T21:41:34Z,
417,78374,post,132,2016-08-31T21:41:34Z,
418,78267,post,132,2016-08-31T21:41:34Z,
419,78095,post,132,2016-08-31T21:41:34Z,
420,78093,post,132,2016-08-31T21:41:34Z,
421,77987,post,132,2016-08-31T21:41:34Z,
422,77924,post,132,2016-08-31T21:41:34Z,
423,77653,post,132,2016-08-31T21:41:34Z,
424,77614,post,132,2016-08-31T21:41:34Z,
425,77599,post,132,2016-08-31T21:41:34Z,
426,77597,post,132,2016-08-31T21:41:34Z,
427,77527,post,132,2016-08-31T21:41:34Z,
428,77495,post,132,2016-08-31T21:41:34Z,
429,77398,post,132,2016-08-31T21:41:35Z,
430,77373,post,132,2016-08-31T21:41:35Z,
431,77370,post,132,2016-08-31T21:41:35Z,
432,77256,post,132,2016-08-31T21:41:35Z,
433,77251,post,132,2016-08-31T21:41:35Z,
434,77225,post,132,2016-08-31T21:41:35Z,
435,77217,post,132,2016-08-31T21:41:35Z,
436,77191,post,132,2016-08-31T21:41:35Z,
437,77190,post,132,2016-08-31T21:41:35Z,
438,77187,post,132,2016-08-31T21:41:35Z,
439,77102,post,132,2016-08-31T21:41:35Z,
440,77080,post,132,2016-08-31T21:41:35Z,
441,77073,post,132,2016-08-31T21:41:35Z,
442,77069,post,132,2016-08-31T21:41:35Z,
443,76990,post,132,2016-08-31T21:41:35Z,
444,76776,post,132,2016-08-31T21:41:35Z,
445,76639,post,132,2016-08-31T21:41:35Z,
446,76544,post,132,2016-08-31T21:41:35Z,
447,76458,post,132,2016-08-31T21:41:35Z,
448,76456,post,132,2016-08-31T21:41:35Z,
449,76447,post,132,2016-08-31T21:41:35Z,
450,76402,post,132,2016-08-31T21:41:35Z,
451,76377,post,132,2016-08-31T21:41:35Z,
452,76347,post,132,2016-08-31T21:41:35Z,
453,76214,post,132,2016-08-31T21:41:35Z,
454,76211,post,132,2016-08-31T21:41:35Z,
455,76119,post,132,2016-08-31T21:41:36Z,
456,76118,post,132,2016-08-31T21:41:36Z,
457,75971,post,132,2016-08-31T21:41:36Z,
458,75928,post,132,2016-08-31T21:41:36Z,
459,75887,post,132,2016-08-31T21:41:36Z,
460,75871,post,132,2016-08-31T21:41:36Z,
461,75831,post,132,2016-08-31T21:41:36Z,
462,75800,post,132,2016-08-31T21:41:36Z,
463,75750,post,132,2016-08-31T21:41:36Z,
464,75691,post,132,2016-08-31T21:41:36Z,
465,75686,post,132,2016-08-31T21:41:36Z,
466,75231,post,132,2016-08-31T21:41:36Z,
467,75225,post,132,2016-08-31T21:41:36Z,
468,74882,post,132,2016-08-31T21:41:37Z,
469,74850,post,132,2016-08-31T21:41:37Z,
470,74813,post,132,2016-08-31T21:41:37Z,
471,74156,post,132,2016-08-31T21:41:37Z,
472,74090,post,132,2016-08-31T21:41:37Z,
473,74006,post,132,2016-08-31T21:41:37Z,
474,73993,post,132,2016-08-31T21:41:37Z,
475,73950,post,132,2016-08-31T21:41:37Z,
476,73946,post,132,2016-08-31T21:41:37Z,
477,73941,post,132,2016-08-31T21:41:37Z,
478,73936,post,132,2016-08-31T21:41:37Z,
479,73824,post,132,2016-08-31T21:41:37Z,
480,73799,post,132,2016-08-31T21:41:37Z,
481,73787,post,132,2016-08-31T21:41:37Z,
482,73616,post,132,2016-08-31T21:41:37Z,
483,73522,post,132,2016-08-31T21:41:38Z,
484,73517,post,132,2016-08-31T21:41:38Z,
485,73515,post,132,2016-08-31T21:41:38Z,
486,73508,post,132,2016-08-31T21:41:38Z,
487,73188,post,132,2016-08-31T21:41:38Z,
488,73098,post,132,2016-08-31T21:41:38Z,
489,73076,post,132,2016-08-31T21:41:38Z,
490,73073,post,132,2016-08-31T21:41:38Z,
491,73056,post,132,2016-08-31T21:41:38Z,
492,73034,post,132,2016-08-31T21:41:38Z,
493,72784,post,132,2016-08-31T21:41:38Z,
494,72778,post,132,2016-08-31T21:41:38Z,
495,72719,post,132,2016-08-31T21:41:38Z,
496,72714,post,132,2016-08-31T21:41:38Z,
497,72660,post,132,2016-08-31T21:41:38Z,
498,72657,post,132,2016-08-31T21:41:38Z,
499,72625,post,132,2016-08-31T21:41:38Z,
500,72624,post,132,2016-08-31T21:41:38Z,
501,72609,post,132,2016-08-31T21:41:38Z,
502,72601,post,132,2016-08-31T21:41:38Z,
503,72600,post,132,2016-08-31T21:41:39Z,
504,72599,post,132,2016-08-31T21:41:39Z,
505,72550,post,132,2016-08-31T21:41:39Z,
506,72536,post,132,2016-08-31T21:41:39Z,
507,72502,post,132,2016-08-31T21:41:39Z,
508,72392,post,132,2016-08-31T21:41:39Z,
509,72391,post,132,2016-08-31T21:41:39Z,
510,72390,post,132,2016-08-31T21:41:39Z,
511,72350,post,132,2016-08-31T21:41:39Z,
512,72338,post,132,2016-08-31T21:41:39Z,
513,72336,post,132,2016-08-31T21:41:39Z,
514,72328,post,132,2016-08-31T21:41:39Z,
515,72256,post,132,2016-08-31T21:41:39Z,
516,72254,post,132,2016-08-31T21:41:39Z,
517,72247,post,132,2016-08-31T21:41:39Z,
518,72196,post,132,2016-08-31T21:41:39Z,
519,72136,post,132,2016-08-31T21:41:39Z,
520,71819,post,132,2016-08-31T21:41:39Z,
521,71764,post,132,2016-08-31T21:41:39Z,
522,71744,post,132,2016-08-31T21:41:39Z,
523,71738,post,132,2016-08-31T21:41:39Z,
524,71667,post,132,2016-08-31T21:41:39Z,
525,71408,post,132,2016-08-31T21:41:40Z,
526,71302,post,132,2016-08-31T21:41:40Z,
527,71267,post,132,2016-08-31T21:41:40Z,
528,71253,post,132,2016-08-31T21:41:40Z,
529,71161,post,132,2016-08-31T21:41:40Z,
530,71014,post,132,2016-08-31T21:41:40Z,
531,70917,post,132,2016-08-31T21:41:40Z,
532,70864,post,132,2016-08-31T21:41:40Z,
533,70860,post,132,2016-08-31T21:41:40Z,
534,70810,post,132,2016-08-31T21:41:40Z,
535,70805,post,132,2016-08-31T21:41:40Z,
536,70703,post,132,2016-08-31T21:41:40Z,
537,70675,post,132,2016-08-31T21:41:40Z,
538,70604,post,132,2016-08-31T21:41:40Z,
539,70603,post,132,2016-08-31T21:41:40Z,
540,70457,post,132,2016-08-31T21:41:40Z,
541,70432,post,132,2016-08-31T21:41:40Z,
542,70055,post,132,2016-08-31T21:41:40Z,
543,70054,post,132,2016-08-31T21:41:41Z,
544,70022,post,132,2016-08-31T21:41:41Z,
545,69985,post,132,2016-08-31T21:41:41Z,
546,69853,post,132,2016-08-31T21:41:41Z,
547,69779,post,132,2016-08-31T21:41:41Z,
548,69766,post,132,2016-08-31T21:41:41Z,
549,69339,post,132,2016-08-31T21:41:41Z,
550,69330,post,132,2016-08-31T21:41:41Z,
551,69317,post,132,2016-08-31T21:41:41Z,
552,69301,post,132,2016-08-31T21:41:41Z,
553,69192,post,132,2016-08-31T21:41:41Z,
554,69156,post,132,2016-08-31T21:41:41Z,
555,69093,post,132,2016-08-31T21:41:41Z,
556,69087,post,132,2016-08-31T21:41:41Z,
557,69038,post,132,2016-08-31T21:41:41Z,
558,68785,post,132,2016-08-31T21:41:41Z,
559,68612,post,132,2016-08-31T21:41:42Z,
560,68478,post,132,2016-08-31T21:41:42Z,
561,68273,post,132,2016-08-31T21:41:42Z,
562,68256,post,132,2016-08-31T21:41:42Z,
563,68240,post,132,2016-08-31T21:41:42Z,
564,68175,post,132,2016-08-31T21:41:42Z,
565,68073,post,132,2016-08-31T21:41:42Z,
566,67965,post,132,2016-08-31T21:41:42Z,
567,67721,post,132,2016-08-31T21:41:42Z,
568,67584,post,132,2016-08-31T21:41:42Z,
569,67493,post,132,2016-08-31T21:41:42Z,
570,67492,post,132,2016-08-31T21:41:42Z,
571,67488,post,132,2016-08-31T21:41:42Z,
572,67487,post,132,2016-08-31T21:41:42Z,
573,67335,post,132,2016-08-31T21:41:42Z,
574,67333,post,132,2016-08-31T21:41:43Z,
575,67331,post,132,2016-08-31T21:41:43Z,
576,67330,post,132,2016-08-31T21:41:43Z,
577,67329,post,132,2016-08-31T21:41:43Z,
578,67199,post,132,2016-08-31T21:41:43Z,
579,67172,post,132,2016-08-31T21:41:43Z,
580,67145,post,132,2016-08-31T21:41:43Z,
581,67096,post,132,2016-08-31T21:41:43Z,
582,67094,post,132,2016-08-31T21:41:43Z,
583,66988,post,132,2016-08-31T21:41:43Z,
584,66871,post,132,2016-08-31T21:41:43Z,
585,66772,post,132,2016-08-31T21:41:43Z,
586,66751,post,132,2016-08-31T21:41:43Z,
587,66238,post,132,2016-08-31T21:41:43Z,
588,66172,post,132,2016-08-31T21:41:43Z,
589,66164,post,132,2016-08-31T21:41:43Z,
590,66080,post,132,2016-08-31T21:41:43Z,
591,66022,post,132,2016-08-31T21:41:43Z,
592,65572,post,132,2016-08-31T21:41:43Z,
593,65562,post,132,2016-08-31T21:41:43Z,
594,65498,post,132,2016-08-31T21:41:43Z,
595,65471,post,132,2016-08-31T21:41:43Z,
596,65231,post,132,2016-08-31T21:41:43Z,
597,64869,post,132,2016-08-31T21:41:43Z,
598,64787,post,132,2016-08-31T21:41:44Z,
599,64647,post,132,2016-08-31T21:41:44Z,
600,64646,post,132,2016-08-31T21:41:44Z,
601,64465,post,132,2016-08-31T21:41:44Z,
602,64176,post,132,2016-08-31T21:41:44Z,
603,63990,post,132,2016-08-31T21:41:44Z,
604,63983,post,132,2016-08-31T21:41:44Z,
605,63840,post,132,2016-08-31T21:41:44Z,
606,63255,post,132,2016-08-31T21:41:44Z,
607,63016,post,132,2016-08-31T21:41:44Z,
608,62938,post,132,2016-08-31T21:41:44Z,
609,62913,post,132,2016-08-31T21:41:44Z,
610,62856,post,132,2016-08-31T21:41:44Z,
611,62643,post,132,2016-08-31T21:41:44Z,
612,62598,post,132,2016-08-31T21:41:44Z,
613,62567,post,132,2016-08-31T21:41:44Z,
614,62566,post,132,2016-08-31T21:41:44Z,
615,62560,post,132,2016-08-31T21:41:44Z,
616,62558,post,132,2016-08-31T21:41:44Z,
617,62557,post,132,2016-08-31T21:41:45Z,
618,62535,post,132,2016-08-31T21:41:45Z,
619,62515,post,132,2016-08-31T21:41:45Z,
620,62466,post,132,2016-08-31T21:41:45Z,
621,62445,post,132,2016-08-31T21:41:45Z,
622,62444,post,132,2016-08-31T21:41:45Z,
623,62434,post,132,2016-08-31T21:41:45Z,
624,62432,post,132,2016-08-31T21:41:45Z,
625,62388,post,132,2016-08-31T21:41:45Z,
626,62239,post,132,2016-08-31T21:41:45Z,
627,62229,post,132,2016-08-31T21:41:45Z,
628,62187,post,132,2016-08-31T21:41:45Z,
629,61824,post,132,2016-08-31T21:41:45Z,
630,61809,post,132,2016-08-31T21:41:45Z,
631,61687,post,132,2016-08-31T21:41:45Z,
632,61678,post,132,2016-08-31T21:41:45Z,
633,61677,post,132,2016-08-31T21:41:45Z,
634,61627,post,132,2016-08-31T21:41:45Z,
635,61308,post,132,2016-08-31T21:41:45Z,
636,61301,post,132,2016-08-31T21:41:45Z,
637,61276,post,132,2016-08-31T21:41:45Z,
638,61118,post,132,2016-08-31T21:41:45Z,
639,61081,post,132,2016-08-31T21:41:45Z,
640,61020,post,132,2016-08-31T21:41:46Z,
641,61017,post,132,2016-08-31T21:41:46Z,
642,60281,post,132,2016-08-31T21:41:46Z,
643,60226,post,132,2016-08-31T21:41:46Z,
644,58368,post,132,2016-08-31T21:53:37Z,hitting tha pipe 2 hard
645,58367,post,132,2016-08-31T21:53:37Z,hitting tha pipe 2 hard
646,58357,post,132,2016-08-31T21:53:37Z,hitting tha pipe 2 hard
647,58334,post,132,2016-08-31T21:53:37Z,hitting tha pipe 2 hard
648,58279,post,132,2016-08-31T21:53:37Z,hitting tha pipe 2 hard
649,58270,post,132,2016-08-31T21:53:37Z,hitting tha pipe 2 hard
650,58258,post,132,2016-08-31T21:53:37Z,hitting tha pipe 2 hard
651,58251,post,132,2016-08-31T21:53:37Z,hitting tha pipe 2 hard
652,58202,post,132,2016-08-31T21:53:37Z,hitting tha pipe 2 hard
653,58152,post,132,2016-08-31T21:53:37Z,hitting tha pipe 2 hard
654,58128,post,132,2016-08-31T21:53:37Z,hitting tha pipe 2 hard
655,57994,post,132,2016-08-31T21:53:37Z,hitting tha pipe 2 hard
656,57986,post,132,2016-08-31T21:53:37Z,hitting tha pipe 2 hard
657,57929,post,132,2016-08-31T21:53:37Z,hitting tha pipe 2 hard
658,57927,post,132,2016-08-31T21:53:37Z,hitting tha pipe 2 hard
659,57926,post,132,2016-08-31T21:53:38Z,hitting tha pipe 2 hard
660,57924,post,132,2016-08-31T21:53:38Z,hitting tha pipe 2 hard
661,57919,post,132,2016-08-31T21:53:38Z,hitting tha pipe 2 hard
662,57891,post,132,2016-08-31T21:53:38Z,hitting tha pipe 2 hard
663,57883,post,132,2016-08-31T21:53:38Z,hitting tha pipe 2 hard
664,57882,post,132,2016-08-31T21:53:38Z,hitting tha pipe 2 hard
665,48100,post,132,2016-08-31T21:53:38Z,hitting tha pipe 2 hard
666,48412,post,132,2016-08-31T21:53:38Z,hitting tha pipe 2 hard
667,48475,post,132,2016-08-31T21:53:38Z,hitting tha pipe 2 hard
668,48491,post,132,2016-08-31T21:53:38Z,hitting tha pipe 2 hard
669,48513,post,132,2016-08-31T21:53:38Z,hitting tha pipe 2 hard
670,48515,post,132,2016-08-31T21:53:38Z,hitting tha pipe 2 hard
671,48579,post,132,2016-08-31T21:53:38Z,hitting tha pipe 2 hard
672,48619,post,132,2016-08-31T21:53:38Z,hitting tha pipe 2 hard
673,48850,post,132,2016-08-31T21:53:38Z,hitting tha pipe 2 hard
674,48851,post,132,2016-08-31T21:53:38Z,hitting tha pipe 2 hard
675,48852,post,132,2016-08-31T21:53:38Z,hitting tha pipe 2 hard
676,51142,post,132,2016-08-31T21:53:38Z,hitting tha pipe 2 hard
677,51141,post,132,2016-08-31T21:53:38Z,hitting tha pipe 2 hard
678,51138,post,132,2016-08-31T21:53:38Z,hitting tha pipe 2 hard
679,51111,post,132,2016-08-31T21:53:38Z,hitting tha pipe 2 hard
680,51110,post,132,2016-08-31T21:53:38Z,hitting tha pipe 2 hard
681,51105,post,132,2016-08-31T21:53:38Z,hitting tha pipe 2 hard
682,51103,post,132,2016-08-31T21:53:38Z,hitting tha pipe 2 hard
683,50974,post,132,2016-08-31T21:53:38Z,hitting tha pipe 2 hard
684,50973,post,132,2016-08-31T21:53:38Z,hitting tha pipe 2 hard
685,50803,post,132,2016-08-31T21:53:38Z,hitting tha pipe 2 hard
686,50663,post,132,2016-08-31T21:53:38Z,hitting tha pipe 2 hard
687,50552,post,132,2016-08-31T21:53:39Z,hitting tha pipe 2 hard
688,50231,post,132,2016-08-31T21:53:39Z,hitting tha pipe 2 hard
689,50089,post,132,2016-08-31T21:53:39Z,hitting tha pipe 2 hard
690,50040,post,132,2016-08-31T21:53:39Z,hitting tha pipe 2 hard
691,50013,post,132,2016-08-31T21:53:39Z,hitting tha pipe 2 hard
692,49961,post,132,2016-08-31T21:53:39Z,hitting tha pipe 2 hard
693,49806,post,132,2016-08-31T21:53:39Z,hitting tha pipe 2 hard
694,49805,post,132,2016-08-31T21:53:39Z,hitting tha pipe 2 hard
695,49698,post,132,2016-08-31T21:53:39Z,hitting tha pipe 2 hard
696,49696,post,132,2016-08-31T21:53:39Z,hitting tha pipe 2 hard
697,49614,post,132,2016-08-31T21:53:39Z,hitting tha pipe 2 hard
698,49607,post,132,2016-08-31T21:53:39Z,hitting tha pipe 2 hard
699,48869,post,132,2016-08-31T21:53:39Z,hitting tha pipe 2 hard
700,48863,post,132,2016-08-31T21:53:39Z,hitting tha pipe 2 hard
701,51779,post,132,2016-08-31T21:53:39Z,hitting tha pipe 2 hard
702,51716,post,132,2016-08-31T21:53:39Z,hitting tha pipe 2 hard
703,51712,post,132,2016-08-31T21:53:40Z,hitting tha pipe 2 hard
704,51709,post,132,2016-08-31T21:53:40Z,hitting tha pipe 2 hard
705,51697,post,132,2016-08-31T21:53:40Z,hitting tha pipe 2 hard
706,51692,post,132,2016-08-31T21:53:40Z,hitting tha pipe 2 hard
707,51690,post,132,2016-08-31T21:53:40Z,hitting tha pipe 2 hard
708,51686,post,132,2016-08-31T21:53:40Z,hitting tha pipe 2 hard
709,51596,post,132,2016-08-31T21:53:40Z,hitting tha pipe 2 hard
710,51595,post,132,2016-08-31T21:53:40Z,hitting tha pipe 2 hard
711,51577,post,132,2016-08-31T21:53:40Z,hitting tha pipe 2 hard
712,51576,post,132,2016-08-31T21:53:40Z,hitting tha pipe 2 hard
713,51507,post,132,2016-08-31T21:53:40Z,hitting tha pipe 2 hard
714,51495,post,132,2016-08-31T21:53:40Z,hitting tha pipe 2 hard
715,51402,post,132,2016-08-31T21:53:40Z,hitting tha pipe 2 hard
716,51400,post,132,2016-08-31T21:53:40Z,hitting tha pipe 2 hard
717,51377,post,132,2016-08-31T21:53:40Z,hitting tha pipe 2 hard
718,51337,post,132,2016-08-31T21:53:40Z,hitting tha pipe 2 hard
719,51335,post,132,2016-08-31T21:53:40Z,hitting tha pipe 2 hard
720,51334,post,132,2016-08-31T21:53:41Z,hitting tha pipe 2 hard
721,51333,post,132,2016-08-31T21:53:41Z,hitting tha pipe 2 hard
722,51332,post,132,2016-08-31T21:53:41Z,hitting tha pipe 2 hard
723,51262,post,132,2016-08-31T21:53:41Z,hitting tha pipe 2 hard
724,51149,post,132,2016-08-31T21:53:41Z,hitting tha pipe 2 hard
725,51144,post,132,2016-08-31T21:53:41Z,hitting tha pipe 2 hard
726,52676,post,132,2016-08-31T21:53:41Z,hitting tha pipe 2 hard
727,52607,post,132,2016-08-31T21:53:41Z,hitting tha pipe 2 hard
728,52565,post,132,2016-08-31T21:53:41Z,hitting tha pipe 2 hard
729,52544,post,132,2016-08-31T21:53:41Z,hitting tha pipe 2 hard
730,52543,post,132,2016-08-31T21:53:41Z,hitting tha pipe 2 hard
731,52542,post,132,2016-08-31T21:53:41Z,hitting tha pipe 2 hard
732,52444,post,132,2016-08-31T21:53:41Z,hitting tha pipe 2 hard
733,52442,post,132,2016-08-31T21:53:41Z,hitting tha pipe 2 hard
734,52373,post,132,2016-08-31T21:53:41Z,hitting tha pipe 2 hard
735,52198,post,132,2016-08-31T21:53:41Z,hitting tha pipe 2 hard
736,52189,post,132,2016-08-31T21:53:41Z,hitting tha pipe 2 hard
737,52184,post,132,2016-08-31T21:53:41Z,hitting tha pipe 2 hard
738,52140,post,132,2016-08-31T21:53:41Z,hitting tha pipe 2 hard
739,52137,post,132,2016-08-31T21:53:41Z,hitting tha pipe 2 hard
740,52094,post,132,2016-08-31T21:53:41Z,hitting tha pipe 2 hard
741,52093,post,132,2016-08-31T21:53:41Z,hitting tha pipe 2 hard
742,52088,post,132,2016-08-31T21:53:41Z,hitting tha pipe 2 hard
743,52085,post,132,2016-08-31T21:53:41Z,hitting tha pipe 2 hard
744,51953,post,132,2016-08-31T21:53:41Z,hitting tha pipe 2 hard
745,51928,post,132,2016-08-31T21:53:41Z,hitting tha pipe 2 hard
746,51908,post,132,2016-08-31T21:53:41Z,hitting tha pipe 2 hard
747,51905,post,132,2016-08-31T21:53:41Z,hitting tha pipe 2 hard
748,51830,post,132,2016-08-31T21:53:41Z,hitting tha pipe 2 hard
749,51827,post,132,2016-08-31T21:53:42Z,hitting tha pipe 2 hard
750,51817,post,132,2016-08-31T21:53:42Z,hitting tha pipe 2 hard
751,53484,post,132,2016-08-31T21:53:42Z,hitting tha pipe 2 hard
752,53471,post,132,2016-08-31T21:53:42Z,hitting tha pipe 2 hard
753,53342,post,132,2016-08-31T21:53:42Z,hitting tha pipe 2 hard
754,53291,post,132,2016-08-31T21:53:42Z,hitting tha pipe 2 hard
755,53289,post,132,2016-08-31T21:53:42Z,hitting tha pipe 2 hard
756,53273,post,132,2016-08-31T21:53:42Z,hitting tha pipe 2 hard
757,53139,post,132,2016-08-31T21:53:42Z,hitting tha pipe 2 hard
758,53138,post,132,2016-08-31T21:53:42Z,hitting tha pipe 2 hard
759,53063,post,132,2016-08-31T21:53:42Z,hitting tha pipe 2 hard
760,53021,post,132,2016-08-31T21:53:42Z,hitting tha pipe 2 hard
761,52927,post,132,2016-08-31T21:53:42Z,hitting tha pipe 2 hard
762,52888,post,132,2016-08-31T21:53:42Z,hitting tha pipe 2 hard
763,52880,post,132,2016-08-31T21:53:42Z,hitting tha pipe 2 hard
764,52879,post,132,2016-08-31T21:53:42Z,hitting tha pipe 2 hard
765,52863,post,132,2016-08-31T21:53:42Z,hitting tha pipe 2 hard
766,52857,post,132,2016-08-31T21:53:42Z,hitting tha pipe 2 hard
767,52824,post,132,2016-08-31T21:53:42Z,hitting tha pipe 2 hard
768,52792,post,132,2016-08-31T21:53:42Z,hitting tha pipe 2 hard
769,52744,post,132,2016-08-31T21:53:42Z,hitting tha pipe 2 hard
770,52737,post,132,2016-08-31T21:53:42Z,hitting tha pipe 2 hard
771,52729,post,132,2016-08-31T21:53:42Z,hitting tha pipe 2 hard
772,52721,post,132,2016-08-31T21:53:42Z,hitting tha pipe 2 hard
773,52677,post,132,2016-08-31T21:53:42Z,hitting tha pipe 2 hard
774,54159,post,132,2016-08-31T21:53:42Z,hitting tha pipe 2 hard
775,54157,post,132,2016-08-31T21:53:42Z,hitting tha pipe 2 hard
776,54123,post,132,2016-08-31T21:53:43Z,hitting tha pipe 2 hard
777,54121,post,132,2016-08-31T21:53:43Z,hitting tha pipe 2 hard
778,54120,post,132,2016-08-31T21:53:43Z,hitting tha pipe 2 hard
779,54119,post,132,2016-08-31T21:53:43Z,hitting tha pipe 2 hard
780,54061,post,132,2016-08-31T21:53:43Z,hitting tha pipe 2 hard
781,54006,post,132,2016-08-31T21:53:43Z,hitting tha pipe 2 hard
782,54001,post,132,2016-08-31T21:53:43Z,hitting tha pipe 2 hard
783,53989,post,132,2016-08-31T21:53:43Z,hitting tha pipe 2 hard
784,53988,post,132,2016-08-31T21:53:43Z,hitting tha pipe 2 hard
785,53984,post,132,2016-08-31T21:53:43Z,hitting tha pipe 2 hard
786,53950,post,132,2016-08-31T21:53:43Z,hitting tha pipe 2 hard
787,53896,post,132,2016-08-31T21:53:43Z,hitting tha pipe 2 hard
788,53895,post,132,2016-08-31T21:53:43Z,hitting tha pipe 2 hard
789,53781,post,132,2016-08-31T21:53:43Z,hitting tha pipe 2 hard
790,53780,post,132,2016-08-31T21:53:43Z,hitting tha pipe 2 hard
791,53779,post,132,2016-08-31T21:53:43Z,hitting tha pipe 2 hard
792,53778,post,132,2016-08-31T21:53:43Z,hitting tha pipe 2 hard
793,53731,post,132,2016-08-31T21:53:43Z,hitting tha pipe 2 hard
794,53679,post,132,2016-08-31T21:53:43Z,hitting tha pipe 2 hard
795,53675,post,132,2016-08-31T21:53:43Z,hitting tha pipe 2 hard
796,53672,post,132,2016-08-31T21:53:43Z,hitting tha pipe 2 hard
797,53671,post,132,2016-08-31T21:53:43Z,hitting tha pipe 2 hard
798,53520,post,132,2016-08-31T21:53:43Z,hitting tha pipe 2 hard
799,54547,post,132,2016-08-31T21:53:43Z,hitting tha pipe 2 hard
800,54541,post,132,2016-08-31T21:53:43Z,hitting tha pipe 2 hard
801,54540,post,132,2016-08-31T21:53:44Z,hitting tha pipe 2 hard
802,54539,post,132,2016-08-31T21:53:44Z,hitting tha pipe 2 hard
803,54524,post,132,2016-08-31T21:53:44Z,hitting tha pipe 2 hard
804,54491,post,132,2016-08-31T21:53:44Z,hitting tha pipe 2 hard
805,54464,post,132,2016-08-31T21:53:44Z,hitting tha pipe 2 hard
806,54444,post,132,2016-08-31T21:53:44Z,hitting tha pipe 2 hard
807,54423,post,132,2016-08-31T21:53:44Z,hitting tha pipe 2 hard
808,54421,post,132,2016-08-31T21:53:44Z,hitting tha pipe 2 hard
809,54386,post,132,2016-08-31T21:53:44Z,hitting tha pipe 2 hard
810,54381,post,132,2016-08-31T21:53:44Z,hitting tha pipe 2 hard
811,54380,post,132,2016-08-31T21:53:44Z,hitting tha pipe 2 hard
812,54364,post,132,2016-08-31T21:53:44Z,hitting tha pipe 2 hard
813,54330,post,132,2016-08-31T21:53:44Z,hitting tha pipe 2 hard
814,54321,post,132,2016-08-31T21:53:44Z,hitting tha pipe 2 hard
815,54319,post,132,2016-08-31T21:53:44Z,hitting tha pipe 2 hard
816,54226,post,132,2016-08-31T21:53:44Z,hitting tha pipe 2 hard
817,54223,post,132,2016-08-31T21:53:44Z,hitting tha pipe 2 hard
818,54208,post,132,2016-08-31T21:53:44Z,hitting tha pipe 2 hard
819,54201,post,132,2016-08-31T21:53:44Z,hitting tha pipe 2 hard
820,54177,post,132,2016-08-31T21:53:44Z,hitting tha pipe 2 hard
821,54164,post,132,2016-08-31T21:53:44Z,hitting tha pipe 2 hard
822,54163,post,132,2016-08-31T21:53:44Z,hitting tha pipe 2 hard
823,55082,post,132,2016-08-31T21:53:44Z,hitting tha pipe 2 hard
824,55023,post,132,2016-08-31T21:53:45Z,hitting tha pipe 2 hard
825,55022,post,132,2016-08-31T21:53:45Z,hitting tha pipe 2 hard
826,55017,post,132,2016-08-31T21:53:45Z,hitting tha pipe 2 hard
827,54986,post,132,2016-08-31T21:53:45Z,hitting tha pipe 2 hard
828,54973,post,132,2016-08-31T21:53:45Z,hitting tha pipe 2 hard
829,54956,post,132,2016-08-31T21:53:45Z,hitting tha pipe 2 hard
830,54952,post,132,2016-08-31T21:53:45Z,hitting tha pipe 2 hard
831,54947,post,132,2016-08-31T21:53:45Z,hitting tha pipe 2 hard
832,54945,post,132,2016-08-31T21:53:45Z,hitting tha pipe 2 hard
833,54889,post,132,2016-08-31T21:53:45Z,hitting tha pipe 2 hard
834,54879,post,132,2016-08-31T21:53:45Z,hitting tha pipe 2 hard
835,54858,post,132,2016-08-31T21:53:45Z,hitting tha pipe 2 hard
836,54795,post,132,2016-08-31T21:53:45Z,hitting tha pipe 2 hard
837,54791,post,132,2016-08-31T21:53:45Z,hitting tha pipe 2 hard
838,54773,post,132,2016-08-31T21:53:45Z,hitting tha pipe 2 hard
839,54745,post,132,2016-08-31T21:53:45Z,hitting tha pipe 2 hard
840,54742,post,132,2016-08-31T21:53:45Z,hitting tha pipe 2 hard
841,54737,post,132,2016-08-31T21:53:45Z,hitting tha pipe 2 hard
842,54736,post,132,2016-08-31T21:53:45Z,hitting tha pipe 2 hard
843,54735,post,132,2016-08-31T21:53:45Z,hitting tha pipe 2 hard
844,54733,post,132,2016-08-31T21:53:45Z,hitting tha pipe 2 hard
845,54638,post,132,2016-08-31T21:53:45Z,hitting tha pipe 2 hard
846,54608,post,132,2016-08-31T21:53:45Z,hitting tha pipe 2 hard
847,54556,post,132,2016-08-31T21:53:45Z,hitting tha pipe 2 hard
848,56015,post,132,2016-08-31T21:53:45Z,hitting tha pipe 2 hard
849,55966,post,132,2016-08-31T21:53:45Z,hitting tha pipe 2 hard
850,55881,post,132,2016-08-31T21:53:45Z,hitting tha pipe 2 hard
851,55880,post,132,2016-08-31T21:53:45Z,hitting tha pipe 2 hard
852,55877,post,132,2016-08-31T21:53:46Z,hitting tha pipe 2 hard
853,55827,post,132,2016-08-31T21:53:46Z,hitting tha pipe 2 hard
854,55728,post,132,2016-08-31T21:53:46Z,hitting tha pipe 2 hard
855,55724,post,132,2016-08-31T21:53:46Z,hitting tha pipe 2 hard
856,55723,post,132,2016-08-31T21:53:46Z,hitting tha pipe 2 hard
857,55494,post,132,2016-08-31T21:53:46Z,hitting tha pipe 2 hard
858,55290,post,132,2016-08-31T21:53:46Z,hitting tha pipe 2 hard
859,55285,post,132,2016-08-31T21:53:46Z,hitting tha pipe 2 hard
860,55281,post,132,2016-08-31T21:53:46Z,hitting tha pipe 2 hard
861,55279,post,132,2016-08-31T21:53:46Z,hitting tha pipe 2 hard
862,55229,post,132,2016-08-31T21:53:46Z,hitting tha pipe 2 hard
863,55211,post,132,2016-08-31T21:53:46Z,hitting tha pipe 2 hard
864,55208,post,132,2016-08-31T21:53:46Z,hitting tha pipe 2 hard
865,55207,post,132,2016-08-31T21:53:46Z,hitting tha pipe 2 hard
866,55139,post,132,2016-08-31T21:53:46Z,hitting tha pipe 2 hard
867,55137,post,132,2016-08-31T21:53:46Z,hitting tha pipe 2 hard
868,55121,post,132,2016-08-31T21:53:46Z,hitting tha pipe 2 hard
869,55119,post,132,2016-08-31T21:53:46Z,hitting tha pipe 2 hard
870,55118,post,132,2016-08-31T21:53:46Z,hitting tha pipe 2 hard
871,55092,post,132,2016-08-31T21:53:46Z,hitting tha pipe 2 hard
872,55083,post,132,2016-08-31T21:53:46Z,hitting tha pipe 2 hard
873,56809,post,132,2016-08-31T21:53:46Z,hitting tha pipe 2 hard
874,56808,post,132,2016-08-31T21:53:46Z,hitting tha pipe 2 hard
875,56739,post,132,2016-08-31T21:53:46Z,hitting tha pipe 2 hard
876,56737,post,132,2016-08-31T21:53:47Z,hitting tha pipe 2 hard
877,56572,post,132,2016-08-31T21:53:47Z,hitting tha pipe 2 hard
878,56559,post,132,2016-08-31T21:53:47Z,hitting tha pipe 2 hard
879,56469,post,132,2016-08-31T21:53:47Z,hitting tha pipe 2 hard
880,56449,post,132,2016-08-31T21:53:47Z,hitting tha pipe 2 hard
881,56441,post,132,2016-08-31T21:53:47Z,hitting tha pipe 2 hard
882,56440,post,132,2016-08-31T21:53:47Z,hitting tha pipe 2 hard
883,56360,post,132,2016-08-31T21:53:47Z,hitting tha pipe 2 hard
884,56307,post,132,2016-08-31T21:53:47Z,hitting tha pipe 2 hard
885,56306,post,132,2016-08-31T21:53:47Z,hitting tha pipe 2 hard
886,56305,post,132,2016-08-31T21:53:47Z,hitting tha pipe 2 hard
887,56304,post,132,2016-08-31T21:53:47Z,hitting tha pipe 2 hard
888,56301,post,132,2016-08-31T21:53:47Z,hitting tha pipe 2 hard
889,56223,post,132,2016-08-31T21:53:47Z,hitting tha pipe 2 hard
890,56212,post,132,2016-08-31T21:53:47Z,hitting tha pipe 2 hard
891,56138,post,132,2016-08-31T21:53:47Z,hitting tha pipe 2 hard
892,56131,post,132,2016-08-31T21:53:47Z,hitting tha pipe 2 hard
893,56129,post,132,2016-08-31T21:53:47Z,hitting tha pipe 2 hard
894,56119,post,132,2016-08-31T21:53:47Z,hitting tha pipe 2 hard
895,56113,post,132,2016-08-31T21:53:47Z,hitting tha pipe 2 hard
896,56026,post,132,2016-08-31T21:53:47Z,hitting tha pipe 2 hard
897,57188,post,132,2016-08-31T21:53:47Z,hitting tha pipe 2 hard
898,57187,post,132,2016-08-31T21:53:47Z,hitting tha pipe 2 hard
899,57186,post,132,2016-08-31T21:53:47Z,hitting tha pipe 2 hard
900,57182,post,132,2016-08-31T21:53:47Z,hitting tha pipe 2 hard
901,57171,post,132,2016-08-31T21:53:47Z,hitting tha pipe 2 hard
902,57167,post,132,2016-08-31T21:53:47Z,hitting tha pipe 2 hard
903,57165,post,132,2016-08-31T21:53:48Z,hitting tha pipe 2 hard
904,57163,post,132,2016-08-31T21:53:48Z,hitting tha pipe 2 hard
905,57036,post,132,2016-08-31T21:53:48Z,hitting tha pipe 2 hard
906,57033,post,132,2016-08-31T21:53:48Z,hitting tha pipe 2 hard
907,57029,post,132,2016-08-31T21:53:48Z,hitting tha pipe 2 hard
908,56970,post,132,2016-08-31T21:53:48Z,hitting tha pipe 2 hard
909,56944,post,132,2016-08-31T21:53:48Z,hitting tha pipe 2 hard
910,56943,post,132,2016-08-31T21:53:48Z,hitting tha pipe 2 hard
911,56941,post,132,2016-08-31T21:53:48Z,hitting tha pipe 2 hard
912,56938,post,132,2016-08-31T21:53:48Z,hitting tha pipe 2 hard
913,56889,post,132,2016-08-31T21:53:48Z,hitting tha pipe 2 hard
914,56888,post,132,2016-08-31T21:53:48Z,hitting tha pipe 2 hard
915,56886,post,132,2016-08-31T21:53:48Z,hitting tha pipe 2 hard
916,56875,post,132,2016-08-31T21:53:48Z,hitting tha pipe 2 hard
917,56868,post,132,2016-08-31T21:53:48Z,hitting tha pipe 2 hard
918,56867,post,132,2016-08-31T21:53:48Z,hitting tha pipe 2 hard
919,56823,post,132,2016-08-31T21:53:48Z,hitting tha pipe 2 hard
920,57881,post,132,2016-08-31T21:53:48Z,hitting tha pipe 2 hard
921,57799,post,132,2016-08-31T21:53:48Z,hitting tha pipe 2 hard
922,57793,post,132,2016-08-31T21:53:48Z,hitting tha pipe 2 hard
923,57787,post,132,2016-08-31T21:53:48Z,hitting tha pipe 2 hard
924,57751,post,132,2016-08-31T21:53:48Z,hitting tha pipe 2 hard
925,57750,post,132,2016-08-31T21:53:48Z,hitting tha pipe 2 hard
926,57739,post,132,2016-08-31T21:53:48Z,hitting tha pipe 2 hard
927,57729,post,132,2016-08-31T21:53:48Z,hitting tha pipe 2 hard
928,57713,post,132,2016-08-31T21:53:48Z,hitting tha pipe 2 hard
929,57664,post,132,2016-08-31T21:53:48Z,hitting tha pipe 2 hard
930,57633,post,132,2016-08-31T21:53:48Z,hitting tha pipe 2 hard
931,57617,post,132,2016-08-31T21:53:48Z,hitting tha pipe 2 hard
932,57616,post,132,2016-08-31T21:53:48Z,hitting tha pipe 2 hard
933,57615,post,132,2016-08-31T21:53:48Z,hitting tha pipe 2 hard
934,57533,post,132,2016-08-31T21:53:48Z,hitting tha pipe 2 hard
935,57481,post,132,2016-08-31T21:53:49Z,hitting tha pipe 2 hard
936,57480,post,132,2016-08-31T21:53:49Z,hitting tha pipe 2 hard
937,57380,post,132,2016-08-31T21:53:49Z,hitting tha pipe 2 hard
938,57359,post,132,2016-08-31T21:53:49Z,hitting tha pipe 2 hard
939,57357,post,132,2016-08-31T21:53:49Z,hitting tha pipe 2 hard
940,57347,post,132,2016-08-31T21:53:49Z,hitting tha pipe 2 hard
941,57283,post,132,2016-08-31T21:53:49Z,hitting tha pipe 2 hard
942,57272,post,132,2016-08-31T21:53:49Z,hitting tha pipe 2 hard
943,57271,post,132,2016-08-31T21:53:49Z,hitting tha pipe 2 hard
944,2446,topic,132,2016-08-31T22:57:19Z,
945,2399,topic,132,2016-08-31T22:57:19Z,
946,4004,topic,132,2016-08-31T22:57:20Z,
947,3867,topic,132,2016-08-31T22:57:20Z,
948,2466,topic,132,2016-08-31T22:57:20Z,
949,3247,topic,132,2016-08-31T22:57:20Z,
950,2084,topic,132,2016-08-31T22:57:20Z,
951,2634,topic,132,2016-08-31T22:57:20Z,
952,2468,topic,132,2016-08-31T22:57:20Z,
953,2449,topic,132,2016-08-31T22:57:20Z,
954,2407,topic,132,2016-08-31T22:57:20Z,
955,2382,topic,132,2016-08-31T22:57:20Z,
956,2333,topic,132,2016-08-31T22:57:20Z,
957,1871,topic,132,2016-08-31T22:57:20Z,
960,3024,status_status,1,2017-02-18T04:56:02Z,
961,7256,topic,1,2017-02-18T04:56:02Z,
962,7335,topic,1,2017-02-18T04:56:02Z,
963,7341,topic,1,2017-02-18T04:56:02Z,
964,711,status_reply,1,2017-02-18T04:56:03Z,
965,175297,post,1,2017-02-18T04:56:03Z,
966,175406,post,1,2017-02-18T04:56:03Z,
967,175407,post,1,2017-02-18T04:56:03Z,
968,175408,post,1,2017-02-18T04:56:03Z,
969,175417,post,1,2017-02-18T04:56:03Z,
970,175420,post,1,2017-02-18T04:56:03Z,
971,175503,post,1,2017-02-18T04:56:04Z,
972,175549,post,1,2017-02-18T04:56:04Z,
973,175550,post,1,2017-02-18T04:56:04Z,
974,175554,post,1,2017-02-18T04:56:04Z,
975,175555,post,1,2017-02-18T04:56:04Z,
976,175557,post,1,2017-02-18T04:56:04Z,
977,175564,post,1,2017-02-18T04:56:05Z,
978,175568,post,1,2017-02-18T04:56:05Z,
979,175699,post,1,2017-02-18T04:56:05Z,
980,175712,post,1,2017-02-18T04:56:05Z,
981,175713,post,1,2017-02-18T04:56:05Z,
982,175714,post,1,2017-02-18T04:56:05Z,
983,175767,post,1,2017-02-18T04:56:05Z,
984,175769,post,1,2017-02-18T04:56:05Z,
985,175786,post,1,2017-02-18T04:56:06Z,
986,175790,post,1,2017-02-18T04:56:06Z,
987,175803,post,1,2017-02-18T04:56:06Z,
988,175812,post,1,2017-02-18T04:56:06Z,
989,175897,post,1,2017-02-18T04:56:06Z,
990,175904,post,1,2017-02-18T04:56:06Z,
991,175912,post,1,2017-02-18T04:56:07Z,
992,175918,post,1,2017-02-18T04:56:07Z,
993,175957,post,1,2017-02-18T04:56:07Z,
994,175959,post,1,2017-02-18T04:56:07Z,
995,175962,post,1,2017-02-18T04:56:07Z,
996,176039,post,1,2017-02-18T04:56:07Z,
997,176083,post,1,2017-02-18T04:56:08Z,
998,176094,post,1,2017-02-18T04:56:08Z,
999,176096,post,1,2017-02-18T04:56:08Z,
1000,176159,post,1,2017-02-18T04:56:08Z,
1001,176184,post,1,2017-02-18T04:56:08Z,
1002,176281,post,1,2017-02-18T04:56:08Z,
1003,176283,post,1,2017-02-18T04:56:08Z,
1004,176285,post,1,2017-02-18T04:56:08Z,
1005,176290,post,1,2017-02-18T04:56:08Z,
1006,176292,post,1,2017-02-18T04:56:08Z,
1007,176294,post,1,2017-02-18T04:56:08Z,
1008,176298,post,1,2017-02-18T04:56:09Z,
1009,176300,post,1,2017-02-18T04:56:09Z,
1010,176302,post,1,2017-02-18T04:56:09Z,
1011,176305,post,1,2017-02-18T04:56:09Z,
1012,176312,post,1,2017-02-18T04:56:09Z,
1013,176320,post,1,2017-02-18T04:56:09Z,
1014,176331,post,1,2017-02-18T04:56:09Z,
1015,176375,post,1,2017-02-18T04:56:09Z,
1016,176380,post,1,2017-02-18T04:56:09Z,
1017,176382,post,1,2017-02-18T04:56:09Z,
1018,176407,post,1,2017-02-18T04:56:09Z,
1019,176410,post,1,2017-02-18T04:56:10Z,
1020,176549,post,1,2017-02-18T04:56:10Z,
1021,176552,post,1,2017-02-18T04:56:10Z,
1022,176560,post,1,2017-02-18T04:56:10Z,
1023,176564,post,1,2017-02-18T04:56:10Z,
1024,176568,post,1,2017-02-18T04:56:10Z,
1025,176629,post,1,2017-02-18T04:56:10Z,
1026,176634,post,1,2017-02-18T04:56:10Z,
1027,176648,post,1,2017-02-18T04:56:10Z,
1028,176686,post,1,2017-02-18T04:56:11Z,
1029,176691,post,1,2017-02-18T04:56:11Z,
1030,176692,post,1,2017-02-18T04:56:11Z,
1031,176696,post,1,2017-02-18T04:56:11Z,
1032,176705,post,1,2017-02-18T04:56:12Z,
1033,176707,post,1,2017-02-18T04:56:12Z,
1034,176713,post,1,2017-02-18T04:56:13Z,
1035,176716,post,1,2017-02-18T04:56:13Z,
1036,176721,post,1,2017-02-18T04:56:13Z,
1037,176731,post,1,2017-02-18T04:56:13Z,
1038,176866,post,1,2017-02-18T04:56:13Z,
1039,176868,post,1,2017-02-18T04:56:13Z,
1040,176870,post,1,2017-02-18T04:56:13Z,
1041,176911,post,1,2017-02-18T04:56:13Z,
1042,177010,post,1,2017-02-18T04:56:13Z,
1043,177011,post,1,2017-02-18T04:56:13Z,
1044,177087,post,1,2017-02-18T04:56:13Z,
1045,177091,post,1,2017-02-18T04:56:14Z,
1046,177092,post,1,2017-02-18T04:56:14Z,
1047,177261,post,1,2017-02-18T04:56:14Z,
1048,177266,post,1,2017-02-18T04:56:14Z,
1049,177366,post,1,2017-02-18T04:56:14Z,
1050,177380,post,1,2017-02-18T04:56:14Z,
1051,177382,post,1,2017-02-18T04:56:15Z,
1052,177402,post,1,2017-02-18T04:56:15Z,
1053,177483,post,1,2017-02-18T04:56:15Z,
1054,177486,post,1,2017-02-18T04:56:15Z,
1055,177497,post,1,2017-02-18T04:56:15Z,
1056,177499,post,1,2017-02-18T04:56:15Z,
1057,177533,post,1,2017-02-18T04:56:15Z,
1058,177535,post,1,2017-02-18T04:56:15Z,
1059,177539,post,1,2017-02-18T04:56:15Z,
1060,177561,post,1,2017-02-18T04:56:16Z,
1061,177567,post,1,2017-02-18T04:56:16Z,
1062,177573,post,1,2017-02-18T04:56:16Z,
1063,177675,post,1,2017-02-18T04:56:16Z,
1064,177677,post,1,2017-02-18T04:56:16Z,
1065,8322,topic,1,2017-09-12T16:54:55Z,
1066,8329,topic,1,2017-09-13T11:42:00Z,
